ID,Name,Preview URL
371274,Water Click,https://cdn.freesound.org/previews/371/371274_1196472-hq.mp3
459983,Rain Water Dripping Softly,https://cdn.freesound.org/previews/459/459983_6253486-hq.mp3
421184,"Water, Pouring, A.wav",https://cdn.freesound.org/previews/421/421184_5121236-hq.mp3
417737,"Water Pour, Sink, A.wav",https://cdn.freesound.org/previews/417/417737_5121236-hq.mp3
173930,Water Pour,https://cdn.freesound.org/previews/173/173930_3229685-hq.mp3
330024,Urination,https://cdn.freesound.org/previews/330/330024_1196472-hq.mp3
216390,Stone_On_Water_02.wav,https://cdn.freesound.org/previews/216/216390_3761494-hq.mp3
216394,Stone_On_Water_04.wav,https://cdn.freesound.org/previews/216/216394_3761494-hq.mp3
216395,Stone_On_Water_03.wav,https://cdn.freesound.org/previews/216/216395_3761494-hq.mp3
216391,Stone_On_Water_01.wav,https://cdn.freesound.org/previews/216/216391_3761494-hq.mp3
398721,"Water Swirl, Small, 22.wav",https://cdn.freesound.org/previews/398/398721_5121236-hq.mp3
398716,"Water Swirl, Small, 2.wav",https://cdn.freesound.org/previews/398/398716_5121236-hq.mp3
398707,"Water Swirl, Small, 18.wav",https://cdn.freesound.org/previews/398/398707_5121236-hq.mp3
398701,"Water Swirl, Small, 10.wav",https://cdn.freesound.org/previews/398/398701_5121236-hq.mp3
398704,"Water Swirl, Small, 15.wav",https://cdn.freesound.org/previews/398/398704_5121236-hq.mp3
398718,"Water Swirl, Small, 25.wav",https://cdn.freesound.org/previews/398/398718_5121236-hq.mp3
398722,"Water Swirl, Small, 4.wav",https://cdn.freesound.org/previews/398/398722_5121236-hq.mp3
398714,"Water Swirl, Small, 21.wav",https://cdn.freesound.org/previews/398/398714_5121236-hq.mp3
398709,"Water Swirl, Small, 7.wav",https://cdn.freesound.org/previews/398/398709_5121236-hq.mp3
398700,"Water Swirl, Small, 11.wav",https://cdn.freesound.org/previews/398/398700_5121236-hq.mp3
398715,"Water Swirl, Small, 20.wav",https://cdn.freesound.org/previews/398/398715_5121236-hq.mp3
398723,"Water Swirl, Small, 3.wav",https://cdn.freesound.org/previews/398/398723_5121236-hq.mp3
398717,"Water Swirl, Small, 19.wav",https://cdn.freesound.org/previews/398/398717_5121236-hq.mp3
398719,"Water Swirl, Small, 24.wav",https://cdn.freesound.org/previews/398/398719_5121236-hq.mp3
398712,"Water Swirl, Small, 6.wav",https://cdn.freesound.org/previews/398/398712_5121236-hq.mp3
398710,"Water Swirl, Small, 8.wav",https://cdn.freesound.org/previews/398/398710_5121236-hq.mp3
398703,"Water Swirl, Small, 16.wav",https://cdn.freesound.org/previews/398/398703_5121236-hq.mp3
398699,"Water Swirl, Small, 12.wav",https://cdn.freesound.org/previews/398/398699_5121236-hq.mp3
398720,"Water Swirl, Small, 23.wav",https://cdn.freesound.org/previews/398/398720_5121236-hq.mp3
398708,"Water Swirl, Small, 17.wav",https://cdn.freesound.org/previews/398/398708_5121236-hq.mp3
398713,"Water Swirl, Small, 9.wav",https://cdn.freesound.org/previews/398/398713_5121236-hq.mp3
398702,"Water Swirl, Small, 1.wav",https://cdn.freesound.org/previews/398/398702_5121236-hq.mp3
398706,"Water Swirl, Small, 13.wav",https://cdn.freesound.org/previews/398/398706_5121236-hq.mp3
398705,"Water Swirl, Small, 14.wav",https://cdn.freesound.org/previews/398/398705_5121236-hq.mp3
398711,"Water Swirl, Small, 5.wav",https://cdn.freesound.org/previews/398/398711_5121236-hq.mp3
510890,Running Water,https://cdn.freesound.org/previews/510/510890_11129348-hq.mp3
586423,Boil water,https://cdn.freesound.org/previews/586/586423_12834859-hq.mp3
634994,Dropping Water v2.wav,https://cdn.freesound.org/previews/634/634994_10592956-hq.mp3
634995,Dropping Water v1.wav,https://cdn.freesound.org/previews/634/634995_10592956-hq.mp3
519123,"Kettle, Boiling Water.wav",https://cdn.freesound.org/previews/519/519123_6142149-hq.mp3
586421,Boil water (Electric kettle),https://cdn.freesound.org/previews/586/586421_12834859-hq.mp3
340026,Water from a Water Fountain ,https://cdn.freesound.org/previews/340/340026_5984982-hq.mp3
401672,pouring water,https://cdn.freesound.org/previews/401/401672_7738409-hq.mp3
391475,Water Draining,https://cdn.freesound.org/previews/391/391475_3387559-hq.mp3
474867,Running Water.m4a,https://cdn.freesound.org/previews/474/474867_6215670-hq.mp3
516886,Water flowing in bathroom,https://cdn.freesound.org/previews/516/516886_2282212-hq.mp3
414077,Water To Glass,https://cdn.freesound.org/previews/414/414077_5548565-hq.mp3
516576,"Tap Water, Rapid.wav",https://cdn.freesound.org/previews/516/516576_6142149-hq.mp3
256861,serving-water-slowly.aif,https://cdn.freesound.org/previews/256/256861_96-hq.mp3
516577,"Tap Water, Slow.wav",https://cdn.freesound.org/previews/516/516577_6142149-hq.mp3
"531015,Ocean Waves.wav,https://cdn.freesound.org/previews/531/531015_9818404-hq.mp3",,
"372181,Ocean Noise - Surf,https://cdn.freesound.org/previews/372/372181_6128004-hq.mp3",,
"581487,Ocean Waves Sounds Of The Foam.wav,https://cdn.freesound.org/previews/581/581487_7379130-hq.mp3",,
"235428,Calm Ocean Breeze Simulation,https://cdn.freesound.org/previews/235/235428_2425857-hq.mp3",,
"439688,""Ocean Drum, Rolling, Felt, A.wav"",https://cdn.freesound.org/previews/439/439688_5121236-hq.mp3",,
"456899,""Zen Ocean Waves,Ocean Waves Ambience.mp3"",https://cdn.freesound.org/previews/456/456899_9518146-hq.mp3",,
"569975,Staten Island South Beach Ambiance (facing land),https://cdn.freesound.org/previews/569/569975_6970469-hq.mp3",,
"530699,Water wave Beach Field-recording 200815_0036.wav,https://cdn.freesound.org/previews/530/530699_2282212-hq.mp3",,
"462590,Oceanwaves and crickets,https://cdn.freesound.org/previews/462/462590_670687-hq.mp3",,
"462594,rough inconsistent waves,https://cdn.freesound.org/previews/462/462594_670687-hq.mp3",,
"320306,Beach-9.wav,https://cdn.freesound.org/previews/320/320306_4830131-hq.mp3",,
"320311,Crickets+sea-1.wav,https://cdn.freesound.org/previews/320/320311_4830131-hq.mp3",,
"530705,Water wave Beach Peoples ships Field-recording 200815_0037.wav,https://cdn.freesound.org/previews/530/530705_2282212-hq.mp3",,
"320303,Beach-8.wav,https://cdn.freesound.org/previews/320/320303_4830131-hq.mp3",,
"320304,Water short-3.wav,https://cdn.freesound.org/previews/320/320304_4830131-hq.mp3",,
"320310,Water short-4.wav,https://cdn.freesound.org/previews/320/320310_4830131-hq.mp3",,
"320305,Water short-1.wav,https://cdn.freesound.org/previews/320/320305_4830131-hq.mp3",,
"320307,Water short-2.wav,https://cdn.freesound.org/previews/320/320307_4830131-hq.mp3",,
"320308,Fountain-1.wav,https://cdn.freesound.org/previews/320/320308_4830131-hq.mp3",,
"530704,Water wave Beach Peoples ships Field-recording 200815_0038.wav,https://cdn.freesound.org/previews/530/530704_2282212-hq.mp3",,
"530706,Water wave Beach Peoples Field-recording 200815_0036.wav,https://cdn.freesound.org/previews/530/530706_2282212-hq.mp3",,
"587759,Northsea.WAV,https://cdn.freesound.org/previews/587/587759_28867-hq.mp3",,
"462592,calm seawaves,https://cdn.freesound.org/previews/462/462592_670687-hq.mp3",,
"462591,Beachbreak cobblestones,https://cdn.freesound.org/previews/462/462591_670687-hq.mp3",,
"463250,Beach Waves 04.wav,https://cdn.freesound.org/previews/463/463250_7482766-hq.mp3",,
"462595,beachbreak cobblestones,https://cdn.freesound.org/previews/462/462595_670687-hq.mp3",,
"320309,Harbor+music.wav,https://cdn.freesound.org/previews/320/320309_4830131-hq.mp3",,
"463249,Beach Waves Close.wav,https://cdn.freesound.org/previews/463/463249_7482766-hq.mp3",,
"530703,Water wave Beach Peoples ships Field-recording 200815_0039.wav,https://cdn.freesound.org/previews/530/530703_2282212-hq.mp3",,
"400632,""Ambience, Seaside Waves, Close, A.wav"",https://cdn.freesound.org/previews/400/400632_5121236-hq.mp3",,
"530996,The Ocean Waves,https://cdn.freesound.org/previews/530/530996_1552375-hq.mp3",,
"161700,ocean-3.wav,https://cdn.freesound.org/previews/161/161700_43-hq.mp3",,
"161699,ocean-4.wav,https://cdn.freesound.org/previews/161/161699_43-hq.mp3",,
"161698,ocean-and-plane.wav,https://cdn.freesound.org/previews/161/161698_43-hq.mp3",,
"161701,ocean-2.wav,https://cdn.freesound.org/previews/161/161701_43-hq.mp3",,
"161697,ocean-1.wav,https://cdn.freesound.org/previews/161/161697_43-hq.mp3",,
"262593,ocean-LaJolla.wav,https://cdn.freesound.org/previews/262/262593_43-hq.mp3",,
"58416,OceanWaves.wav,https://cdn.freesound.org/previews/58/58416_700192-hq.mp3",,
"166214,Southern Ocean,https://cdn.freesound.org/previews/166/166214_2915582-hq.mp3",,
"404685,Ocean Crete 3.wav,https://cdn.freesound.org/previews/404/404685_1944470-hq.mp3",,
"404684,Ocean Crete .wav,https://cdn.freesound.org/previews/404/404684_1944470-hq.mp3",,
"404686,Ocean Crete 2.wav,https://cdn.freesound.org/previews/404/404686_1944470-hq.mp3",,
"424755,Ocean 02.wav,https://cdn.freesound.org/previews/424/424755_3158178-hq.mp3",,
"424756,Ocean 01.wav,https://cdn.freesound.org/previews/424/424756_3158178-hq.mp3",,
"68638,stream + ocean.aif,https://cdn.freesound.org/previews/68/68638_40561-hq.mp3",,
"424754,Ocean 03.wav,https://cdn.freesound.org/previews/424/424754_3158178-hq.mp3",,
"587040,oceanwavesounds.wav,https://cdn.freesound.org/previews/587/587040_13210712-hq.mp3",,
"648530,OCEAN Waves in small creek .wav,https://cdn.freesound.org/previews/648/648530_457982-hq.mp3",,
"149079,oceanwaves-8.wav,https://cdn.freesound.org/previews/149/149079_981371-hq.mp3",,
"148034,oceanwaves-4.wav,https://cdn.freesound.org/previews/148/148034_981371-hq.mp3",,
